Player Name,Position,Height (inches),Weight (pounds),Draft Round,Draft Pick,College PPG,College RPG,College APG,College Shooting %,College 3PT %,College FT %,Rookie Year PPG,Rookie Year RPG,Rookie Year APG,Rookie FG%,Rookie 3PT%,Rookie FT%,Success
AJ Green,Guard,76,190,Undrafted,Undrafted,17.9,3.3,2.6,41.4,37.8,90,4.4,1.29,0.63,42.4,41.9,100,0
AJ Griffin,Forward,78,220,1,16,10.4,3.9,1,49.3,44.7,79.2,8.88,2.12,1.01,46.5,39,89.4,0
AJ Hammons,Center,84,260,2,46,12.1,7,0.8,53.9,26.1,69,2.18,1.64,0.18,40.5,50,45,0
AJ Price,Guard,74,195,2,52,13,3.4,4.7,41.3,36.5,72.2,7.32,1.57,1.89,41,34.5,80,0
Aaron Brooks,Guard,72,161,1,26,13.1,3.5,4.1,43,37.4,83.4,5.18,1.1,1.71,41.3,33,85.7,0
Aaron Gordon,Forward,80,235,1,4,12.4,8,2,49.5,35.6,42.2,5.17,3.6,0.7,44.7,27.1,72.1,0
Aaron Harrison,Guard,78,210,Undrafted,Undrafted,12.4,2.8,1.6,41,33.5,78.7,0.86,0.71,0.1,26.3,30,41.7,0
Aaron Henry,Forward,77,210,Undrafted,Undrafted,10,4.6,2.6,45.7,33.3,72.9,0.33,0.17,0,20,0,0,0
Aaron Holiday,Guard,72,185,1,23,14.3,3.2,4.7,45,42.2,79.5,5.88,1.34,1.74,40.1,33.9,82,0
Aaron Jackson,Guard,75,183,Undrafted,Undrafted,11.9,4.5,4.2,52.1,34.2,77.2,8,3,1,33.3,25,50,0
Aaron McKie,Guard,77,209,1,17,17.9,6.4,3.3,42.1,36.6,79,6.51,2.87,1.98,44.4,39.3,68.5,0
Aaron Miles,Guard,73,190,Undrafted,Undrafted,8.6,3.3,6.9,41.5,34.2,75.5,0.84,0.74,1.26,33.3,0,100,0
Aaron Nesmith,Guard-Forward,78,215,1,14,14.7,5.3,1.3,44.2,41,82.5,4.74,2.76,0.5,43.8,37,78.6,0
Aaron Swinson,Forward,77,230,Undrafted,Undrafted,16.9,7.8,1,60.9,0,62.5,2.67,0.89,0.33,55.6,0,80,0
Aaron Wiggins,Guard,77,190,2,55,11,4.6,1.6,40.7,36.1,76.9,8.32,3.56,1.36,46.3,30.4,72.9,0
Abdel Nader,Forward,77,225,2,58,10.3,4.3,1.1,39.1,30.5,73.1,3.04,1.48,0.54,33.6,35.4,59,0
Acie Earl,Forward-Center,83,240,1,19,15.3,7,1.2,50.8,28.6,68,5.54,3.34,0.16,40.6,0,67.5,0
Acie Law,Guard,75,202,1,11,13.7,3.1,4.5,46.6,35.7,76,4.2,1.02,2.02,40.1,20.6,79.2,0
Adam Harrington,Guard,77,200,Undrafted,Undrafted,12.5,3.3,1.8,39.1,35,73.1,0.85,0.15,0.15,23.5,33.3,100,0
Adam Keefe,Forward,81,230,1,10,18.6,9,1.7,60,46.7,73.6,6.61,5.27,0.98,50,0,70,0
Adam Morrison,Forward,80,205,1,3,19.7,5.1,2,50.3,36.8,76.1,11.76,2.95,2.09,37.6,33.7,71,0
Adama Sanogo,Forward,81,245,Undrafted,Undrafted,13.9,7.3,1,56,35.8,71.5,4,4,0,51.9,0,66.7,0
Ade Murkey,Guard,77,200,Undrafted,Undrafted,10.6,4,2,46.9,35.3,73.1,0,0,0,0,0,0,0
Admiral Schofield,Forward,77,241,2,42,11.9,5.3,1.3,45.8,38.7,76.3,3,1.42,0.45,38,31.1,66.7,0
Adonal Foyle,Center,82,270,1,8,20.4,12.7,1.5,54.7,10,49.1,3,3.35,0.25,40.6,0,43.5,0
Adonis Jordan,Guard,71,170,2,42,10,2.5,4.1,46.3,41,75.5,2.5,1,3.17,26.1,30,0,0
Adonis Thomas,Guard-Forward,79,240,Undrafted,Undrafted,10.7,4,1.5,42.6,32.5,74.5,1.75,0.75,0.5,33.3,0,100,0
Adreian Payne,Forward,82,237,1,15,8.9,5.3,0.6,52.6,40.9,75.5,1.67,1.33,0,28.6,0,50,0
Adrian Branch,Forward,79,185,2,46,16.4,4.4,2.4,48.6,35.8,74.8,4.31,1.66,0.5,50,0,77.8,0
Adrian Griffin,Guard-Forward,77,230,Undrafted,Undrafted,11.5,6.5,2.2,50.6,27.8,65.4,6.74,5.17,2.46,42.4,28.1,75.3,0
Ahmad Caver,Guard,74,174,,,11.3,3.2,4.5,37.7,33.2,65.2,2,0,0,100,0,0,0
Greg Foster,Center,83,250,2,35,8.2,5.2,0.9,48.1,0,66.1,4.37,2.8,0.69,46,0,68.9,0
Greg Graham,Guard,76,174,1,17,12,3.1,2.3,51.4,43.9,76.6,4.83,1.23,0.94,40,8,83.6,0
Greg Grant,Guard,67,140,2,52,5.5,6.1,0.9,43.2,0,61.3,3.1,0.88,2.51,38.4,18.8,66.1,0
Greg Minor,Guard,78,210,1,25,12.6,5.6,2.4,50.7,36.3,73.9,5.98,2.17,1.05,51.5,16.7,83.3,0
Greg Monroe,Forward-Center,82,250,1,7,14.5,8.2,3.2,54.3,27.3,67.7,9.39,7.51,1.31,55.1,0,62.2,0
Greg Ostertag,Center,86,280,1,28,7.6,6.1,0.3,55,0,60.4,3.65,3.07,0.09,47.3,0,66.7,0
Greg Stiemsma,Center,83,260,Undrafted,Undrafted,2.7,2.3,0.8,54.5,0,75.9,2.93,3.22,0.51,54.5,0,70.7,0
Greg Sutton,Guard,74,185,2,49,21.9,4.3,3.2,37.9,33.1,65.6,3.67,0.7,1.36,38.8,29.2,75.6,0
Greg Whittington,Forward,80,210,Undrafted,Undrafted,6.5,4,1.2,42.4,33.3,62,0,0,0,0,0,0,0
Greivis Vasquez,Guard,78,217,1,28,16,4.8,5.7,42.5,32.9,82.8,3.56,1.04,2.16,40.8,29.1,77.3,0
Guy Rucker,Forward-Center,81,270,,,8,4.3,0.6,49.9,0,64.4,0,0.33,0.33,0,0,0,0
Hakim Warrick,Forward,81,219,1,19,15.4,7.6,1.5,53.6,25,65.9,4.09,2.12,0.44,44.3,0,66.1,0
Hamady Ndiaye,Center,84,235,2,56,5.8,5.5,0.4,53.9,0,59.2,0.88,0.44,0,80,0,50,0
Hamidou Diallo,Guard,77,202,2,45,10,3.6,1.2,42.8,33.8,61.6,3.73,1.9,0.33,45.5,16.7,61,0
Hanno Mottola,Center-Forward,83,247,2,40,12.4,4.6,1.2,50,33.3,77.4,4.37,2.38,0.34,44.4,0,81.1,0
Harold Miner,Guard,77,210,1,12,23.5,5.4,1.8,45.3,36.7,81.4,10.27,2.01,1,47.5,33.3,76.2,0
Harrison Barnes,Forward,80,225,1,7,16.3,5.5,1.3,43,34.9,73.4,9.23,4.11,1.21,43.9,35.9,75.8,0
Harvey Grant,Forward,81,225,1,12,15.2,8.2,1.1,53.7,20,71.3,5.58,2.3,1.11,46.4,0,59.6,0
Hassan Adams,Forward,76,220,2,54,14,5.4,2,49.9,31.1,70.4,2.85,1.26,0.21,55.6,0,66.7,0
Hassan Whiteside,Center,84,265,2,33,13.1,8.9,0.3,52.4,60,58.8,0,0,0,0,0,0,0
Hassani Gravett,Guard,74,187,,,7.2,3,2.4,38.5,33.9,71.4,6.25,2.62,2.5,47.4,42.3,75,0
Haywoode Workman,Guard,74,180,2,49,17.7,5.2,4.4,42.5,31,78.8,1,0.5,0.33,66.7,0,100,0
Henry Ellenson,Forward-Center,82,240,1,18,17,9.7,1.8,44.6,28.8,74.9,3.16,2.16,0.37,35.9,28.6,50,0
Henry Sims,Center-Forward,82,248,Undrafted,Undrafted,4.9,3.2,1.4,47.9,11.8,65.4,2,1,0,66.7,0,0,0
Henry Turner,Guard,79,200,Undrafted,Undrafted,11.7,5.5,1.6,46.7,35.2,67.3,4.33,1.39,0.61,47.5,0,61.5,0
Herbert Jones,Forward,79,206,2,35,5.1,2.7,0.7,51.1,30,50,9.51,3.79,2.14,47.6,33.7,84,0
Hersey Hawkins,Guard,75,200,1,6,24.1,6.5,3.2,53.9,36.2,80.6,15.14,2.85,3.03,45.5,42.8,83.1,0
Hilton Armstrong,Forward-Center,83,235,1,12,4.7,3.9,0.6,56.3,33.3,57.8,3.14,2.66,0.18,54.4,0,59.7,0
Hiram Fuller,Forward,81,240,Undrafted,Undrafted,7.4,6.4,0.4,50.3,9.1,64.9,2,2.75,0.5,37.5,0,33.3,0
Hollis Thompson,Forward,80,206,Undrafted,Undrafted,8.7,4.1,1.1,47.8,44,67.6,5.99,3.21,0.95,46,40.1,71.2,0
Horace Grant,Center,82,245,1,10,13.9,8,1.7,59.8,50,70.4,7.68,5.52,1.1,50.1,0,62.6,0
Hot Rod Williams,Center,83,245,2,45,16.1,7,1.7,54.9,61.5,73.1,14.6,7.86,1.92,48.5,0,74.5,0
Howard Eisley,Guard,74,185,2,30,12.9,3.3,4.3,44.4,44.7,78.4,3.32,1.24,2.26,35.2,25,77.5,0
Howard Nathan,Guard,71,175,Undrafted,Undrafted,10.5,2.5,5.8,40.6,30.2,72.3,2.6,0,0.4,55.6,0,75,0
Howard Wright,Forward,80,220,Undrafted,Undrafted,12.9,6.9,1.6,55.3,0,63,1.25,1.5,0,66.7,0,100,0
Hubert Davis,Guard,77,183,1,20,11.8,1.8,1.3,49.8,43.5,81.9,5.38,1.12,1.66,43.8,31.6,79.6,0
Ian Clark,Guard,75,175,Undrafted,Undrafted,14.4,2.9,2.2,48.4,42.5,81,2.96,0.83,0.65,38.8,35.5,71.4,0
Ian Lockhart,Forward,80,240,Undrafted,Undrafted,7.9,6,0.5,52.1,0,63.2,4,0,0,100,0,100,0
Ignas Brazdeikis,Forward,78,221,2,47,14.8,5.4,0.8,46.2,39.2,77.3,1.89,0.56,0.44,27.3,11.1,80,0
Ike Diogu,Forward,81,250,1,9,21.4,8.8,1.2,57.1,38.7,78.6,7.04,3.32,0.42,52.4,0,81,0
Iman Shumpert,Guard,77,212,1,17,12.7,4.5,4.2,39.6,30.5,73.8,9.54,3.15,2.78,40.1,30.6,79.8,0
Ime Udoka,Guard-Forward,77,220,Undrafted,Undrafted,8.5,4.8,2,37.7,28.3,71.7,2,1.25,0.5,33.3,0,50,0
Immanuel Quickley,Guard,74,190,1,25,10.1,2.9,1.5,40.3,39.7,89.5,11.42,2.14,1.98,39.5,38.9,89.1,0
Ira Newble,Guard-Forward,79,220,Undrafted,Undrafted,8.9,6.4,0.8,54.8,23.5,64.3,2,1.3,0.22,38.2,44.4,50,0
Irving Thomas,Forward,80,225,Undrafted,Undrafted,8.6,4.9,0.7,49.3,0,66.8,1.77,1.19,0.38,34,0,57.1,0
Isaac Okoro,Forward-Guard,77,225,1,5,12.9,4.4,2,51.4,28.6,67.2,9.64,3.07,1.91,42,29,72.6,0
Isaiah Briscoe,Guard,75,215,Undrafted,Undrafted,10.9,5.4,3.7,45.5,22.9,55.5,3.49,1.9,2.23,39.9,32.4,57.7,0
Isaiah Canaan,Guard,72,200,2,34,15.5,2.8,2.9,45,41.9,80.3,4.59,1.09,1,35.6,32.7,72.4,0
Isaiah Hicks,Forward,81,230,Undrafted,Undrafted,7.4,3.6,0.7,57.1,16.7,72.5,4.44,2.28,0.89,45.8,22.2,66.7,0
Isaiah Jackson,Forward,81,205,1,22,3.1,1.7,0.3,35.5,23.1,75,8.25,4.14,0.28,56.3,31.3,68.2,0
Isaiah Joe,Guard,75,165,2,49,15.2,3.4,1.7,39,37.8,82.7,3.73,0.88,0.49,36.1,36.8,75,0
Isaiah Livers,Forward,78,232,2,42,8.3,3.8,0.9,46.5,41.2,85.6,6.37,3,1.11,45.6,42.2,85.7,0
Isaiah Mobley,Forward,80,238,2,49,10.1,7,2,46,36,59.6,2.58,1.67,0.25,42.9,37.5,100,0
Isaiah Morris,Forward,80,229,2,37,8.8,4.5,0.9,48.8,22.2,81.5,2.2,0.48,0.16,45.6,0,75,0
Isaiah Roby,Forward,80,230,2,45,8.1,5.5,1.5,47.6,33.6,70.2,0,0.67,0,0,0,0,0
Isaiah Stewart,Forward-Center,80,250,1,16,6.2,1.8,1.9,36.5,32.5,79.2,7.9,6.66,0.87,55.3,33.3,69.6,0
Isaiah Taylor,Guard,75,170,,,13.6,3.1,4.5,40.4,29.4,79.2,0.75,0.75,0.75,14.3,0,50,0
Isaiah Thomas,Guard,69,185,2,60,16.4,3.5,4,42.6,32.5,71.3,11.52,2.58,4.09,44.8,37.9,83.2,0
Isaiah Whitehead,Guard,76,213,2,42,15.8,3.7,4.5,37.5,35.9,75.7,7.44,2.52,2.63,40.2,29.5,80.5,0
Isaiah Wong,Guard,75,185,2,55,14.1,4.1,2.2,44,34.7,80.7,2,0,0,33.3,0,0,0
Ish Wainright,Forward,77,250,Undrafted,Undrafted,3.8,3.2,2,41.8,33.1,65.9,2.4,1.2,0.33,39.4,32.2,58.3,0
Ivan Johnson,Forward,80,255,Undrafted,Undrafted,7.5,3.2,0.4,50,0,63.4,6.36,4.04,0.57,51.3,33.3,72,0
Ivan McFarlin,Forward,79,229,Undrafted,Undrafted,11.6,7.4,1.2,58.4,40,66.8,1.36,1,0.09,38.5,0,71.4,0
Ivan Rabb,Forward,82,220,2,35,13.2,9.4,1.2,54.4,40.9,66.6,5.58,4.39,0.89,56.6,0,80.6,0
Ivano Newbill,Center,82,245,,,3.9,5.3,1,50.7,0,46.6,1.18,2.38,0.5,35.6,0,36.4,0
JD Davison,Guard,73,195,2,53,8.5,4.8,4.3,46.3,30.1,72.8,1.58,0.75,0.92,42.1,28.6,50,0
JJ Hickson,Center-Forward,81,242,1,19,14.8,8.5,1,59.1,0,67.7,3.95,2.66,0.15,51.5,0,67.2,0
JJ Redick,Guard,75,200,1,11,19.9,2.7,2.2,43.3,40.6,91.2,6,1.24,0.86,41,38.8,90,0
JT Thor,Forward,81,203,2,37,9.4,5,0.9,44,29.7,74.1,2.03,1.3,0.58,43.6,25.9,60,0
JaJuan Johnson,Forward,82,221,1,27,13.7,6.1,0.7,50.1,25,74.3,3.17,1.61,0.17,44.6,0,66.7,0
JaKarr Sampson,Forward,79,214,Undrafted,Undrafted,13.9,6.4,1.1,46.9,7.7,60.7,5.22,2.2,1.04,42.2,24.4,67,0
JaMychal Green,Forward-Center,81,227,Undrafted,Undrafted,13.5,7.4,1.2,51.9,17.6,71.1,2,1.5,0,57.1,0,0,0
JaQuori McLaughlin,Guard,76,190,Undrafted,Undrafted,11.9,2.9,3.9,41.5,37,79.4,0,0,0.5,0,0,0,0
JaVale McGee,Center-Forward,84,270,1,18,8.7,4.8,0.3,54.2,35.6,51.4,6.52,3.92,0.31,49.4,0,66,0
Jabari Bird,Guard,78,198,2,56,10.8,3.3,1.2,44.2,37.1,75.3,3,1.46,0.62,57.7,42.9,46.2,0
Jabari Brown,Guard,77,214,,,17,3.9,1.7,44.1,38.6,78.2,11.95,1.89,2.11,41.2,37.1,75.3,0
Jabari Parker,Forward,79,245,1,2,19.1,8.7,1.2,47.3,35.8,74.8,12.32,5.52,1.68,49,25,69.7,0
Jabari Smith,Center,83,250,2,45,12.6,8.2,2.1,53.2,29.8,63.9,2.89,0.89,0.67,50,0,66.7,0
Jabari Walker,Forward,79,227,2,57,11.5,7.2,0.9,47.9,39.9,78.3,3.86,2.34,0.61,41.9,28.6,75.6,0
Jack Cooley,Center-Forward,82,274,Undrafted,Undrafted,8.3,6.4,0.5,60.1,50,66.3,1.69,1.56,0.06,40.9,0,42.9,0
Jack White,Forward,78,225,Undrafted,Undrafted,2.7,3,0.6,38.4,28.8,80.7,1.24,1,0.24,42.1,33.3,66.7,0
Jackie Butler,Center,82,260,Undrafted,Undrafted,1.5,1.5,2.5,14.3,20,0,3.33,0,0,100,0,100,0
Jackson Vroman,Forward-Center,82,220,2,31,13.2,9.5,2.1,55.8,7.7,51.2,1.6,1.3,0.7,37.5,0,57.1,0
Jacob Evans,Guard-Forward,76,210,1,28,11.7,4.3,2.5,42.9,37.7,75.5,1.33,0.83,0.77,34,26.7,0,0
Jacob Gilyard,Guard,68,160,Undrafted,Undrafted,13.2,2.9,5.1,43.9,36.2,82,3,4,7,33.3,33.3,0,0
Jacob Pullen,Guard,73,200,Undrafted,Undrafted,15.8,2.4,3.4,40.8,36.1,77,0.67,0,0,50,0,0,0
Jacob Toppin,Forward,80,200,Undrafted,Undrafted,7.4,4.5,1.2,47.1,28.9,69.5,1.44,0.78,0.33,55.6,25,100,0
Jacob Wiley,Forward,80,223,Undrafted,Undrafted,13.2,5.9,1.5,63.8,62.5,82.7,0.8,2.2,0.4,25,50,50,0
Jacque Vaughn,Guard,73,190,1,27,9.6,3,6.4,45.9,38.3,70.8,3.09,0.84,1.87,36.1,37.5,70.6,0
Jaden Ivey,Guard,76,195,1,5,14.9,4.3,2.6,44,32.2,73.9,16.27,3.89,5.23,41.6,34.3,74.7,1
Jaden McDaniels,Forward,81,185,1,28,13,5.8,2.1,40.5,33.9,76.3,6.78,3.68,1.13,44.7,36.4,60,0
Jaden Springer,Guard,76,202,1,28,12.5,3.5,2.9,46.7,43.5,81,1,1,0,100,0,0,0
Jae Crowder,Forward,78,235,2,34,14.6,7.6,1.8,49.2,35,68.3,5.03,2.4,1.21,38.4,32.8,64.4,0
Jaime Echenique,Center,82,258,Undrafted,Undrafted,10.1,6.4,0.4,51.6,30.8,71.9,0,0,0,0,0,0,0
Jake LaRavia,Forward,79,235,1,19,12.2,6.3,2.6,52.4,37.1,74.3,3,1.8,0.6,38.9,33.8,77.8,0
Jake Layman,Forward,80,209,2,47,10.2,4.8,1.1,44.5,36.2,75.9,2.23,0.69,0.31,29.2,25.5,76.5,0
Jakob Poeltl,Center,84,260,1,9,13.3,8,1.3,65.8,0,60.5,3.06,3.06,0.22,58.3,0,54.4,0
Jalen Brunson,Guard,74,190,2,33,14.4,2.5,3.7,51,39.3,82,9.29,2.32,3.15,46.7,34.8,72.5,0
Jalen Duren,Center,82,250,1,13,12,8.1,1.3,59.7,0,62.5,9.13,8.88,1.12,64.8,0,61.1,0
Jalen Harris,Guard,77,195,2,59,1.7,0.5,1.2,25,36.4,60,7.38,1.38,1.31,50,47.2,77.8,0
Jalen Hood-Schifino,Guard,77,215,1,17,13.5,4.1,3.7,41.7,33.3,77.6,1.62,0.62,0.38,22.2,13.3,60,0
Jalen Johnson,Forward,80,219,1,20,5.6,2.4,0.8,41.4,37.1,85.6,2.36,1.18,0.14,53.7,23.1,71.4,0
Jalen Jones,Forward,79,220,,,12.8,6.2,0.8,45.5,31.3,69.2,1.25,0.75,0,25,100,100,0
Jalen McDaniels,Forward,81,190,2,52,13.2,7.9,1.5,50.4,29.8,75.8,5.56,4.06,0.81,47.1,37.5,82.4,0
Jalen Pickett,Guard,74,202,2,32,15.3,5.4,5.8,45.4,35.5,74.2,1.56,0.52,0.78,42.9,36,75,0
Jalen Rose,Guard-Forward,80,215,1,13,17.5,4.7,3.9,46.4,33.6,73.8,8.19,2.68,4.8,45.4,31.6,73.9,0
Jalen Slawson,Forward,79,215,2,54,9.9,5.5,2.4,51.9,32.9,75.4,0.67,0.58,0.17,66.7,0,0,0
Jalen Smith,Forward-Center,81,215,1,10,13.5,8.6,0.8,51.6,32.3,70.9,1.96,1.37,0.15,44,23.5,71.4,0
Jalen Suggs,Guard,77,205,1,5,14.4,5.3,4.5,50.3,33.7,75.4,11.75,3.56,4.35,36.1,21.4,77.3,0
Jalen Wilson,Forward,78,220,2,51,14.2,7.7,2,43.4,31.6,73.2,4.98,3.05,1.05,42.5,32.4,82.6,0
Jamaal Franklin,Guard,77,191,2,41,13.7,7,1.9,42.6,30.2,78,1.86,1.1,0.29,41,45.5,100,0
Jamaal Tinsley,Guard,75,188,1,27,12.5,4.5,6.3,38.8,32.7,68.5,9.39,3.72,8.09,38,24,70.4,0
Jamal Cain,Forward,78,191,Undrafted,Undrafted,8.1,5.2,0.6,47.8,35.1,75.6,5.44,2.89,0.67,56.1,35,77.3,0
Jamal Crawford,Guard,77,200,1,8,16.6,2.8,4.5,41.2,32.7,78.4,4.62,1.46,2.31,35.2,35,79.4,0
Jamal Mashburn,Forward,80,247,1,4,18.8,7.8,2.2,51.6,37.6,69.7,19.15,4.47,3.37,40.6,28.4,69.9,0
Jamal Murray,Guard,76,215,1,7,20,5.2,2.2,45.4,40.8,78.3,9.89,2.61,2.07,40.4,33.4,88.3,0
Jamaree Bouyea,Guard,74,180,Undrafted,Undrafted,10.7,3.6,2.6,47.2,33.7,71.2,3.75,1.25,1,46.2,40,50,0
Jameer Nelson,Guard,72,190,1,20,16.8,4.6,5.7,45.4,36.5,78.6,8.72,2.44,3,45.5,31.2,68.2,0
Jamel Artis,Guard,79,213,Undrafted,Undrafted,12.6,4.6,2.3,47,37.8,75.9,5.13,2.53,1.2,39.2,27.6,58.3,0
Jamel Thomas,Forward,78,219,Undrafted,Undrafted,15.9,5.9,2,41.3,34.2,73.6,3.67,0.67,0.67,50,0,100,0
James Augustine,Forward,82,235,2,41,10.1,7.5,1.1,61.7,33.3,68.7,1,1.5,1,33.3,0,0,0
James Blackwell,Guard,72,190,Undrafted,Undrafted,12.2,2.7,3.7,43.7,33.3,76.5,1,0.75,1.25,66.7,0,0,0
James Bouknight,Guard,76,190,1,11,15,4.7,1.5,45.6,32,80.2,4.58,1.68,0.84,34.8,34.7,87.1,0
James Collins,Guard,76,196,2,36,16,4.5,2.5,45,37.2,67.9,2.57,0.61,0.13,38.2,45,57.1,0
James Cotton,Guard,77,220,2,32,2.9,2.7,0.4,44.1,0,63.4,2.67,0.67,0,38.1,0,88.9,0
James Harden,Guard,77,220,1,3,19,5.4,3.7,50.6,37.6,75.5,9.91,3.21,1.8,40.3,37.5,80.8,0
James Johnson,Forward,79,240,1,16,13.6,3.5,3.8,38.5,37,79.2,3.94,1.97,0.74,45.2,32.6,72.9,0
James Jones,Guard-Forward,80,218,2,49,11.1,5,1.2,42.6,38.3,83.1,1.17,0.33,0,22.2,25,100,0
James Michael McAdoo,Forward,81,230,Undrafted,Undrafted,11.4,5.9,1,44.7,0,56.9,4.13,2.47,0.13,54.5,0,56,0
James Nunnally,Forward,79,205,Undrafted,Undrafted,13.7,5.1,2,46.5,38.6,78.4,4.5,2,0.5,33.3,30,75,0
James Posey,Forward,80,217,1,18,15.3,8.4,1.7,52.7,32.9,80.8,8.17,3.91,1.8,42.9,37.3,80,0
James Scott,Forward,78,180,Undrafted,Undrafted,12.6,4,1.8,43.2,25.9,74,0.12,0.75,0.38,0,0,50,0
James Singleton,Forward,80,230,Undrafted,Undrafted,13.5,10.5,1.5,56.7,42.9,79.4,3.44,3.34,0.49,51,50,78,0
James Southerland,Forward,80,215,Undrafted,Undrafted,7.9,3.3,0.6,44.9,37,74,0,0,0,0,0,0,0
James White,Guard-Forward,79,215,2,31,10.3,4.2,2.6,44.4,33.6,78.4,8.33,3.33,0.83,43.9,28.6,80,0
James Wiseman,Center,83,240,1,2,19.7,10.7,0.3,76.9,0,70.4,11.49,5.79,0.67,51.9,31.6,62.8,0
James Young,Guard-Forward,78,215,1,17,14.3,4.3,1.7,40.7,34.9,70.6,3.39,1.35,0.42,35.3,25.8,55.2,0
JamesOn Curry,Guard,75,190,2,51,13.5,2.9,3.5,43.7,40.4,75.8,0,0,0,0,0,0,0
Jamie Feick,Forward,80,255,2,48,6.6,6.7,1.2,50.2,29.4,57.7,1.67,1,0,50,100,0,0
Jamie Watson,Forward,79,190,2,47,11.3,4.7,2.6,45,24.8,63,3.25,1.23,0.98,50,26.3,67.9,0
Jamil Wilson,Forward,79,229,Undrafted,Undrafted,8.5,4.6,1.6,43.7,33.6,70.8,7,2.13,0.67,46.9,42.9,50,0
Jamison Brewer,Guard,76,195,2,40,5.7,4.7,4.1,45.6,22,52.7,0.31,0.62,0.69,40,0,0,0
Jamorko Pickett,Forward,81,206,Undrafted,Undrafted,9.4,5.2,1.5,37.8,36.5,75.7,3.85,2.46,0.54,36,33.3,50,0
Jannero Pargo,Guard,73,185,Undrafted,Undrafted,14.4,2.2,2.8,45.5,42.5,82,2.5,1.09,1.15,39.8,29.2,100,0
Jarace Walker,Forward,79,235,1,8,11.2,6.8,1.8,46.5,34.7,66.3,3.64,1.91,1.21,40.9,40,88.9,0
Jared Butler,Guard,75,193,2,40,14.1,3.2,3.5,43.1,38.4,78.2,3.83,1.07,1.5,40.4,31.8,68.8,0
Jared Cunningham,Guard,76,195,1,24,5.2,2.6,0.4,37.7,32.9,75,2,0.38,0.12,42.9,66.7,100,0
Jared Dudley,Forward,78,237,1,22,15.9,7.2,3,50.4,36.5,73.1,5.78,3.92,1.11,46.8,22,73.7,0
Jared Harper,Guard,70,175,Undrafted,Undrafted,0.2,0.2,0.1,50,50,50,0.67,0,0,25,0,0,0
Jared Jeffries,Forward,83,240,1,11,14.4,7.2,2.2,45,32.5,64.3,3.95,2.9,0.8,47.6,50,55.2,0
Jared Rhoden,Guard,77,210,Undrafted,Undrafted,10.4,5.5,1.1,40.7,31.2,75.4,3.21,2.64,0.29,38.6,25,100,0
Jared Sullinger,Center-Forward,81,260,1,21,17.3,9.7,1.2,53,36.5,73.3,6,5.87,0.78,49.3,20,74.6,0
Jared Terrell,Guard,75,227,Undrafted,Undrafted,13.1,3,2.1,40.6,36.5,76.3,2.21,0.43,0.86,30.8,23.5,50,0
Jarell Eddie,Guard-Forward,79,218,Undrafted,Undrafted,9.6,4.6,1.1,38.5,36.5,81.2,2.42,0.88,0.19,30.8,31.9,100,0
Jarell Martin,Forward,82,239,1,25,13.7,6.9,1.4,49.4,30.8,68.9,5.67,3.19,0.56,46.6,0,72.6,0
Jaren Jackson,Guard,78,225,Undrafted,Undrafted,7.5,2.9,1.2,44.4,36.5,70.9,2.39,0.86,0.46,36.2,0,81,0
Jarnell Stokes,Forward-Center,81,255,2,35,13,9.6,1.5,53,0,62.8,3,1.79,0.21,56.8,0,53.6,0
Jaron Blossomgame,Forward,80,220,2,59,13.5,6.5,1.1,48.8,31.6,72.4,4.22,3.63,0.48,44.3,25.6,76.9,0
Jarred Vanderbilt,Forward,80,214,2,41,5.9,7.9,1,42.6,0,63.2,1.41,1.35,0.18,47.4,0,60,0
Jarrell Brantley,Forward,77,250,2,50,15.6,7.9,1.7,48.7,35.3,76.8,2.67,2.22,1.22,35.7,23.1,50,0
Jarrett Allen,Center,81,243,1,22,13.4,8.4,0.8,56.6,0,56.4,8.15,5.39,0.68,58.9,33.3,77.6,0
Jarrett Culver,Guard-Forward,78,195,1,6,14.9,5.6,2.8,45.9,34.1,68.7,9.21,3.37,1.75,40.4,29.9,46.2,0
Jarrett Jack,Guard,75,200,1,22,12.5,4.5,5.4,47.8,35.9,79.6,6.66,2.03,2.77,44.2,26.3,80,0
Jarrod Uthoff,Forward,81,220,Undrafted,Undrafted,13,5.8,1.2,45,38.3,79.5,4.44,2.44,1,42.1,33.3,71.4,0
Jarron Collins,Center,83,249,2,52,8.4,5.5,1.1,52,25,66.9,6.43,4.23,0.83,46.1,0,74,0
Jarron Cumberland,Guard,77,205,Undrafted,Undrafted,13.4,3.6,3.1,41.4,35.2,73,0.67,1,0.33,50,0,0,0
Jarvis Hayes,Forward,80,228,1,10,18,5,1.5,45.7,36.9,77.2,9.61,3.77,1.51,40,30.5,78.6,0
Jarvis Varnado,Forward-Center,81,230,2,41,10,7.8,0.6,58.9,25,59.5,1.2,0.6,0.2,50,0,50,0
Jason Caffey,Forward,80,256,1,20,10.4,6.3,1,50.9,22.2,57.8,3.19,1.95,0.42,43.8,0,58.8,0
Jason Collier,Center,84,260,1,15,13.9,7.1,1.2,45.8,36.9,71.1,3.09,1.61,0.26,38,0,70.8,0
Jason Collins,Center,84,255,1,18,10.8,6.6,0.8,61.2,44.4,71.6,4.55,3.91,1.05,42.1,50,70.1,0
Jason Hart,Guard,75,180,2,49,11.4,3.3,5.4,39.3,32.6,71.2,2,0,1,100,0,0,0
Jason Kapono,Forward,80,215,2,31,16.5,5.1,2.1,46.9,44.6,83,3.54,1.34,0.34,40.3,47.7,83.3,0
Jason Kidd,Guard,76,210,1,2,14.9,5.9,8.4,46.8,33.3,67.7,11.67,5.44,7.68,38.5,27.2,69.8,0
Jason Lawson,Center,83,240,2,41,11.9,6.9,1.4,58.6,0,69.2,1.53,1.59,0.29,60,0,80,0
Jason Maxiell,Forward,79,260,1,26,12.1,7,0.7,50.7,28.6,65.3,2.31,1.08,0.12,42.6,0,33.3,0
Jason Miskiri,Guard,74,185,Undrafted,Undrafted,15.8,4.4,4.1,39.4,29.9,64.8,0,0,1,0,0,0,0
Jason Preston,Guard,75,181,2,33,12.6,5.6,5.9,49.8,35.7,70.3,2.93,1.57,1.93,43.9,27.8,0,0
Jason Richardson,Guard,78,225,1,5,9.6,5,1.4,50.3,38.3,64.9,14.39,4.25,2.95,42.6,33.3,67.1,0
Jason Sasser,Forward,79,225,2,41,17.7,7.5,2.6,47.4,28.5,72.7,2.83,1.17,0.17,42.1,50,0,0
Jason Smith,Forward-Center,84,240,1,20,14.7,7.9,2,54.8,30.8,75.1,4.47,3.03,0.26,45.5,28.6,65.9,0
Jason Terry,Guard,74,185,1,10,11.3,2.3,3.8,44.3,37.4,78.4,8.11,2.05,4.27,41.5,29.3,80.7,0
Jason Thompson,Forward-Center,83,250,1,12,16.7,9.6,2,52.6,29.1,66.7,11.1,7.39,1.13,49.7,0,69.2,0
Jason Williams,Guard,73,180,1,7,14.9,3.3,6.5,48.3,39.4,79.3,12.82,3.06,5.98,37.4,31,75.2,0
Javaris Crittenton,Guard,77,200,1,19,14.4,3.7,5.8,45,35.6,78.3,3.27,0.95,0.82,49.1,33.3,67.9,0
Javin DeLaurier,Center,82,234,Undrafted,Undrafted,3.4,3.8,0.4,65.8,12.5,58,0,1,0,0,0,0,0
Javonte Green,Guard,77,205,Undrafted,Undrafted,14.4,8,1.1,51.9,23.8,65.6,3.4,1.94,0.54,50,27.3,66.7,0
Javonte Smart,Guard,76,205,Undrafted,Undrafted,13,3.5,3.5,41.4,35.1,83.6,2.38,1.46,1.08,25.6,22.2,83.3,0
Jawad Williams,Forward,81,225,Undrafted,Undrafted,12.7,4.8,1.5,48.7,34.9,72.4,1.2,0.2,0,41.7,33.3,0,0
Jawun Evans,Guard,72,190,2,39,16.6,3.8,5.8,44.8,40.7,81.8,4.81,1.75,2.08,35.2,27.8,77.6,0
Jay Edwards,Forward,76,185,2,33,18.2,3.5,3.5,46.5,48.1,84.7,1.75,0.5,1,42.9,0,33.3,0
Jay Huff,Center,85,240,Undrafted,Undrafted,7.6,4.5,0.6,58.8,38.6,67.9,0,1,0.25,0,0,0,0
Jay Taylor,Forward,75,190,Undrafted,Undrafted,16.7,4.3,2.5,51.3,37.5,74.3,3,0.65,0.29,40.4,23.1,66.7,0
Jay Williams,Guard,74,195,1,2,19.3,3.7,6,45.3,39.3,67.1,9.52,2.6,4.67,39.9,32.2,64,0
Jaylen Adams,Guard,72,225,Undrafted,Undrafted,17.4,3.4,5.4,42.7,39.4,83.8,3.18,1.76,1.91,34.5,33.8,77.8,0
Jaylen Brown,Guard-Forward,78,223,1,3,14.6,5.4,2,43.1,29.4,65.4,6.6,2.82,0.82,45.5,34.3,68.5,0
Jaylen Hoard,Forward,80,216,Undrafted,Undrafted,13.1,7.6,1.5,45.8,22.6,71.7,2.92,2.46,0.31,46.9,0,61.5,0
Jaylen Nowell,Guard,76,201,2,43,16.1,4.6,2.9,47.6,39.6,78.9,3.8,0.87,1.27,35.8,11.5,94.1,0
Jaylin Williams,Forward,81,240,2,34,9.3,3.9,1.6,51.1,34.6,77.6,5.88,4.92,1.55,43.6,40.7,70.4,0
Jaysean Paige,Guard,74,200,Undrafted,Undrafted,9.7,2.7,0.9,43.9,34.8,72.3,0,1,1,0,0,0,0
Jayson Tatum,Forward-Guard,80,210,1,3,16.8,7.3,2.1,45.2,34.2,84.9,13.9,5.03,1.6,47.5,43.4,82.6,0
Jayson Williams,Forward,81,240,1,21,14.9,6.8,0.5,55,25,65.2,3.5,2.13,0.31,44.7,50,66.1,0
Jeff Foster,Forward-Center,83,250,1,21,9.8,8.4,1.2,50.8,100,63.9,2.26,1.68,0.26,56.5,0,68,0
Jeff Grayer,Guard,77,210,1,13,20,7.3,2,52.6,32.9,68.6,7.36,3.18,2,43.8,0,85,0
Jeff Green,Forward,80,235,1,5,13.1,6.5,3.1,48.8,35.9,70,10.48,4.74,1.49,42.7,27.6,74.4,0
Jeff Lebo,Forward,74,180,Undrafted,Undrafted,11.8,2.5,4.4,47.9,42.8,83.9,1.5,1,0.75,28.6,0,100,0
Jeff Martin,Guard,77,195,2,31,21.2,5.7,1.8,52.2,44.9,76.6,6.28,2.3,0.64,41.1,13.3,70.5,0
Jeff McInnis,Guard,76,190,2,37,11.3,2.8,4.4,45.9,39.7,71.9,5,0.46,1.38,46.9,46.2,70,0
Jeff Nordgaard,Forward,79,225,2,53,15.9,5.8,2,55.6,30.2,74.1,1.38,1.08,0.23,27.8,0,88.9,0
Jeff Teague,Guard,75,195,1,19,16.4,3,3,46.2,42.1,81.2,3.21,0.94,1.72,39.6,21.9,83.7,0
Jeff Trepagnier,Guard,76,200,2,35,10.6,5.2,1.4,47.1,29.8,65.9,1.5,1,1,30.4,0,57.1,0
Jeff Webster,Forward,80,232,2,40,17.8,6.2,0.5,52.3,25,77.8,1.64,0.64,0.27,34.8,33.3,0,0
Jeff Withey,Center,84,230,2,39,8,5.4,0.6,56.8,100,72.6,3.28,2.59,0.45,53.5,0,71.2,0
Jemerrio Jones,Forward,77,175,,,10.4,10.8,3.1,50.3,13.8,57.3,4.5,8.17,2.17,36.4,20,50,0
Jerald Honeycutt,Forward-Guard,81,254,2,38,17.7,7,3.4,42.1,30.8,67.2,6.45,2.45,0.87,40.7,37.7,62.1,0
Jerami Grant,Forward,79,210,2,39,7.5,4.7,0.9,48.6,30,64.1,6.32,3.05,1.22,35.2,31.4,59.1,0
Jerel McNeal,Guard,75,200,Undrafted,Undrafted,15.3,4.7,3.5,44,34.7,71.7,1.5,0.5,0.33,27.3,50,100,0
Jeremiah Martin,Guard,74,185,Undrafted,Undrafted,13.1,3.2,3.5,44.1,32.5,74.5,7.11,1.11,2,45.3,27.8,78.6,0
Jeremiah Robinson-Earl,Forward,80,240,2,32,12.8,9,2.1,47.8,30.1,76.8,7.47,5.59,1,41.4,35.2,74.1,0
Jeremy Evans,Forward,81,200,2,55,7.9,5.9,0.5,63.9,36.4,68.4,3.63,1.98,0.49,66.1,0,70.3,0
Jeremy Lamb,Guard-Forward,77,180,1,12,14.1,4.7,1.7,48.2,34.8,80.6,3.09,0.78,0.22,35.3,30,100,0
Jeremy Lin,Guard,75,200,Undrafted,Undrafted,12.9,4.3,3.5,48.1,33.3,73.3,2.62,1.17,1.45,38.9,20,76,0
Jeremy Pargo,Guard,74,219,0,0,9.3,3.4,4.4,46.5,31.1,70.4,2.86,0.84,1.25,33.3,26.3,59.3,0
Jeremy Sochan,Forward,80,230,1,9,9.2,6.4,1.8,47.4,29.6,58.9,10.96,5.27,2.54,45.3,24.6,69.8,0
Jerian Grant,Guard,76,198,1,19,14.6,2.9,5.8,43.6,34.5,79,5.61,1.88,2.33,39.4,22,78,0
Jericho Sims,Center,82,250,2,58,6.6,5.4,0.4,63.9,0,52.4,2.2,4.12,0.51,72.2,0,41.4,0
Jermaine Jackson,Guard,77,204,Undrafted,Undrafted,11.4,4.7,4.3,42.9,35.7,71,1,1.57,0.57,9.1,0,62.5,0
Jermaine Taylor,Guard,76,210,2,32,16.2,3.9,1.4,46.6,37.6,76.4,4.13,1.48,0.52,37.8,22.7,71.7,0
Jermareo Davidson,Forward,82,230,2,36,10.1,7.3,1,46.7,21.1,71.7,3.16,1.63,0.34,40.8,0,64.3,0
Jerome Allen,Guard,76,184,2,49,13.7,4.4,4.6,41.7,34.3,72.2,2.63,0.61,1.2,34.3,30.3,72.2,0
Jerome Dyson,Guard,75,180,Undrafted,Undrafted,14.4,3.9,2.9,39,31.8,73.5,7.44,2.11,2,39.6,12.5,77.8,0
Jerome Harmon,Guard,76,190,Undrafted,Undrafted,14.7,3.6,2,55.6,14.3,73.5,4.6,2.3,1.2,39.6,100,50,0
Jerome James,Center,85,285,2,36,16,9.2,0.7,49.5,0,52.7,1.5,1.06,0.06,37.5,0,50,0
Jerome Lane,Forward,78,230,1,23,13.1,10.4,2.2,52.5,26.7,62.8,4.83,3.7,1.11,42.6,0,38.4,0
Jerome Moiso,Forward,82,260,1,11,12,6.8,1.1,49.5,22.7,61.4,1.46,1.75,0.12,40,0,42.3,0
Jerome Robinson,Guard,77,190,1,13,8.4,3.2,1.8,44,37.5,74.1,3.39,1.24,0.58,40,31.6,66.7,0
Jerome Williams,Forward-Center,81,206,1,26,10.5,9.3,1.4,54.4,16.7,63.4,1.48,1.52,0.21,39.2,0,52.9,0
Jerrod Mustaf,Forward,82,238,1,17,16.6,7.7,1.5,52.5,38.9,75.6,4.32,2.73,0.58,46.5,0,64.4,0
Jerry Smith,Guard,74,190,2,12,8.7,3.1,1.7,45.4,38.9,73,1.4,1.4,0.8,21.4,16.7,0,0
Jerry Stackhouse,Forward,78,218,1,3,15.7,6.6,2.3,49.6,35.5,72,19.22,3.68,3.86,41.4,31.8,74.7,0
Jerryd Bayless,Guard,75,200,1,11,19.7,2.7,4,45.8,40.7,83.9,4.3,1.08,1.47,36.5,25.9,80.6,0
Jeryl Sasser,Guard,78,200,1,22,17,8.3,3.2,39.4,28,71,1.43,1,0.29,21.4,0,80,0
Jett Howard,Guard,78,215,1,11,14.2,2.8,2,41.4,36.8,80,1.61,0.39,0.33,33.3,28,50,0
Jevon Carter,Guard,73,200,2,32,12.2,3.7,3.9,40.7,35.5,79.8,4.41,1.69,1.77,30.3,33.3,81.3,0
Jim Farmer,Forward,76,190,1,20,10.8,3.5,1.7,47.3,38.7,78.5,2.03,0.6,0.53,37.7,0,90,0
Jim Grandholm,Center,84,235,4,76,9.4,6.6,1.7,48.6,31.3,73.9,3.04,1.92,0.31,51.7,52.9,47.6,0
Jim Jackson,Forward-Guard,78,220,1,4,19.2,5.9,4,50.3,37.6,78.4,16.32,4.36,4.68,39.5,28.8,73.9,0
Jimmer Fredette,Guard,74,195,1,10,18.7,2.6,3.7,45.5,39.4,88.2,7.57,1.2,1.77,38.6,36.1,83.3,0
Jimmy Butler,Forward,79,230,1,30,12,5.5,1.7,50.8,38.3,77.3,2.6,1.33,0.33,40.5,18.2,76.8,0
Jimmy King,Guard,77,210,2,35,11.9,4.1,2.7,47.7,35.1,67.6,4.5,1.77,1.42,43.1,14.7,70.1,0
Jimmy Oliver,Guard,77,205,2,39,10.7,3.1,2.5,46.5,40.6,75.1,3.56,1,0.74,39.8,11.1,77.3,0
Joakim Noah,Forward-Center,83,232,1,9,10.5,6.4,1.7,61.6,50,68.4,6.59,5.62,1.14,48.2,0,69.1,0
Jock Landale,Center,83,255,Undrafted,Undrafted,13.2,6.7,1.2,62.5,27.6,73.8,4.91,2.56,0.83,49.5,32.6,82.9,0
Jodie Meeks,Guard,76,210,2,41,15.4,3,1.6,43.6,38.6,89,4.12,1.76,0.54,36.2,28,85.7,0
Joe Alexander,Forward,80,230,1,8,12.1,4.8,2,44.7,29.5,76.5,4.71,1.95,0.71,41.6,34.8,69.9,0
Joe Arlauckas,Forward,81,230,4,74,14.4,7.3,1.6,50.7,25,64.4,3.78,1.44,0.89,32.6,0,75,0
Joe Chealey,Guard,76,190,,,14.2,3.5,3.1,40.4,34.7,80.5,2,0,1,33.3,0,0,0
Joe Courtney,Forward,80,235,Undrafted,Undrafted,5.3,3.6,0.6,46.2,0,68.5,2.2,0.4,0.2,44.4,0,75,0
Joe Crawford,Guard,77,210,2,58,11.3,3.4,1.5,43.8,35,70.2,4.5,2,0.5,30,25,100,0
Joe Crispin,Guard,72,185,Undrafted,Undrafted,15.6,2.9,3.8,38.2,34.8,88.5,1.67,0.17,0.33,25,0,80,0
Joe Dumars,Guard,75,195,1,18,22.5,4.2,2.8,46.2,62.5,78.8,9.38,1.45,4.76,48.1,31.3,79.8,0
Joe Harris,Guard-Forward,78,220,2,33,3.1,1.6,0.3,45.2,37.5,0,2.67,0.8,0.51,40,36.9,60,0
Joe Johnson,Guard-Forward,79,240,1,10,15,6.1,2.4,46.6,40.6,75.3,6.33,2.9,1.54,43.9,27.3,76.9,0
Joe Smith,Forward-Center,82,225,1,1,20.2,10.7,1,55.1,42.3,73.8,15.26,8.74,0.96,45.8,35.7,77.3,0
Joe Stephens,Forward,79,210,Undrafted,Undrafted,7.6,4.4,0.8,41.4,30.2,67.7,1.5,1.5,0,20,33.3,0,0
Joe Wieskamp,Guard-Forward,78,205,2,41,13.2,5.8,1.5,46.7,41.2,77.1,2.1,0.48,0.31,35.7,32.6,53.8,0
Joe Wolf,Forward,83,230,1,13,9.6,5.5,1.9,55.1,57.5,76.5,7.62,4.45,2.33,40.7,20,83.3,0
Joe Young,Guard,74,185,2,43,3.8,1.8,0.6,37.7,34,73.7,3.76,1.22,1.59,36.7,21.7,80,0
Joel Ayayi,Guard,76,180,Undrafted,Undrafted,8.8,5.2,2.3,52.9,36,77.6,0.29,0.43,0.57,16.7,0,0,0
Joel Bolomboy,Forward-Center,81,235,2,52,11.4,10.1,0.7,52.8,37.1,71.3,1.83,1.42,0.17,56.3,25,50,0
Joel Embiid,Center-Forward,84,280,1,3,11.2,8.1,1.4,62.6,20,68.5,20.23,7.84,2.13,46.6,36.7,78.3,0
Joey Graham,Forward,79,230,1,16,13,5.2,1.6,52.7,37.8,80.9,6.66,3.05,0.75,47.8,33.3,81.2,0
John Amaechi,Forward-Center,82,270,Undrafted,Undrafted,12.7,7.5,1.1,51.4,30.4,69,2.75,1.86,0.32,41.4,0,57.6,0
John Battle,Guard,74,175,4,84,12.1,2.4,1.5,48.8,34.2,70.7,4.33,0.97,1.16,45.5,0,72.8,0
John Celestand,Guard,75,190,2,30,9.9,2.8,3.6,41,33,73.1,2.31,0.69,1.25,33.3,22.2,83.3,0
John Collins,Forward-Center,81,226,1,19,13.4,7,0.4,60.1,0,72.9,10.5,7.31,1.32,57.6,34,71.5,0
John Cox,Guard,74,180,8,159,13.2,3.7,2,41.1,37.1,76.2,4.14,1.43,0.86,35.1,0,50,0
John Henson,Forward-Center,81,219,1,14,10.3,8.1,1,49.7,20.8,48.4,6.03,4.71,0.49,48.2,0,53.3,0
John Holland,Guard,77,205,Undrafted,Undrafted,17.1,5.6,1.2,43.4,35.5,80.7,2.25,1,0.21,28.8,30.6,69.2,0
John Jenkins,Guard,76,215,1,23,16.9,2.7,1.1,46.8,43.8,85.6,6.13,1.54,0.92,44.6,38.4,84.3,0
John Konchar,Guard,77,210,Undrafted,Undrafted,15.5,8.6,4.2,55.6,41.6,69.7,2.84,2.47,1.16,64.9,50,50,0
John Morton,Forward,75,180,1,25,12.4,2.4,3.5,45.3,39.1,77.1,3.95,0.86,1.81,29.8,23.3,69.4,0
John Salmons,Forward,78,210,1,26,10.4,5.5,3.5,46.6,32.1,80.5,2.06,0.92,0.73,41.4,32.3,74.3,0
John Starks,Guard,77,190,Undrafted,Undrafted,15.4,4.7,4.6,49.7,38,83.8,4.06,1.14,0.75,40.8,38.5,65.4,0
John Thomas,Center,81,265,1,25,7.1,5.1,0.7,49.6,0,53.6,3.27,2.12,0.39,51.3,0,78.8,0
John Wall,Guard,75,210,1,1,16.6,4.3,6.5,46.1,32.5,75.4,16.39,4.59,8.32,40.9,29.6,76.6,1
John Wallace,Forward,81,225,1,18,16.7,8.4,2,53.3,39,73.8,4.78,2.28,0.54,51.7,50,71.8,0
Johnathan Motley,Forward,80,230,Undrafted,Undrafted,12,6.4,1.3,51.9,24,65.4,8.73,4.45,0.64,53.3,16.7,53.6,0
Johnathan Williams,Forward,81,228,Undrafted,Undrafted,0.5,0.1,0.1,25,50,50,6.54,4.12,0.54,59.1,0,56.3,0
Johnny Dawkins,Guard,74,165,1,10,19.2,4,4.2,50.8,35.2,79,10.31,2.09,3.58,43.7,29.8,80.1,0
Johnny Juzang,Guard,77,209,Undrafted,Undrafted,11.6,3.6,1.2,43.1,35.2,85.3,4.83,2.17,0.44,33.7,23.8,50,0
Johnny Taylor,Forward,81,220,1,17,17.3,7.2,2,49.7,33.7,69.2,3.17,1.08,0.08,35.1,50,68.8,0
Jon Barry,Guard,77,210,1,21,14.4,3.6,4.5,42.1,37.1,71.7,4.38,0.91,1.45,36.9,33.3,67.3,0
Jon Brockman,Forward,79,255,2,38,13.8,9.8,1,53.4,0,61.2,2.83,4.1,0.42,53.4,0,59.7,0
Jon Leuer,Forward,82,228,2,40,11.2,4.5,1.1,48.2,36.8,72.3,4.74,2.61,0.54,50.8,33.3,75,0
Jon Teske,Center,85,265,Undrafted,Undrafted,6.6,4.8,0.7,50.1,27.1,63.1,0,0.67,0.33,0,0,0,0
Jonah Bolden,Forward,80,225,2,36,4.6,4.8,1.1,41.5,25,73.3,4.7,3.75,0.91,49.4,35.4,48.1,0
Jonathan Gibson,Guard,74,185,Undrafted,Undrafted,11.8,1.9,1.8,43.6,39.8,75.8,6.24,1.29,1.53,36.8,33.3,72.4,0
Jonathan Isaac,Forward,82,230,1,6,12,7.8,1.2,50.8,34.8,78,5.37,3.67,0.67,37.9,34.8,76,0
Jonathan Kerner,Center,83,245,Undrafted,Undrafted,6.8,4.2,0.7,45.4,25,67.8,0,0,0,0,0,0,0
Jonathon Simmons,Forward,78,195,0,0,14.7,5,2.2,51.2,38.6,71.6,6.02,1.75,1.05,50.4,38.3,75,0
Jonny Flynn,Guard,72,185,1,6,16.6,2.7,6,46,33.3,78.2,13.51,2.36,4.4,41.7,35.8,82.6,0
Jontay Porter,Center-Forward,82,240,Undrafted,Undrafted,9.9,6.8,2.2,43.7,36.4,75,2,1.27,0.09,53.3,37.5,60,0
Jordan Adams,Guard,77,209,1,22,16.4,4.6,2.1,46.7,33.1,83.9,3.13,0.93,0.53,40.7,40,60.9,0
Jordan Bell,Forward,79,216,2,38,7.8,6.8,1.5,61,18.8,63,4.6,3.63,1.79,62.7,0,68.2,0
Jordan Bone,Guard,74,180,2,57,9.7,2.4,4.3,42.4,35.3,81.7,1.2,0.4,0.8,25,20,0,0
Jordan Clarkson,Guard,75,194,2,46,15.4,3.3,2.7,44,32.2,80.5,11.92,3.24,3.49,44.8,31.4,82.9,0
Jordan Crawford,Guard,77,195,1,27,15.5,4.1,2.6,45.5,38.4,76.5,4.19,1.75,0.94,35.1,33.3,66.7,0
Jordan Farmar,Guard,74,180,1,26,13.3,3,5.2,41,33.3,76,4.44,1.65,1.9,42.2,32.8,71.1,0
Jordan Ford,Guard,73,175,Undrafted,Undrafted,14.5,2.3,1.8,49,41.6,80.6,2,0.33,0.33,57.1,66.7,100,0
Jordan Goodwin,Guard,76,200,Undrafted,Undrafted,12.8,8.8,3.5,42.3,27.1,58,0,0.5,0,0,0,0,0
Jordan Hall,Guard,79,215,Undrafted,Undrafted,12.7,6.3,5.7,38.9,35.8,74.8,3.11,1.33,1.22,32.1,20,77.8,0
Jordan Hamilton,Guard-Forward,79,220,1,26,4.3,1.4,0.5,42.5,32.4,75.3,4.42,2.38,0.77,43.2,36.2,40,0
Jordan Hawkins,Guard,77,190,1,14,11.8,3,1,39.6,37.6,87.2,7.82,2.21,1.04,38.2,36.6,83.8,0
Jordan Loyd,Guard,76,210,Undrafted,Undrafted,5.9,3.5,1.8,36.7,25.9,66.1,2.42,0.75,0.5,44.4,50,81.8,0
Jordan McLaughlin,Guard,72,185,Undrafted,Undrafted,12.9,3.5,5.8,43.9,37.9,73.8,7.63,1.63,4.17,48.9,38.2,66.7,0
Jordan McRae,Guard,77,179,2,58,13.3,3.3,1.8,41.7,34.3,76.9,5.29,1.14,1.43,42.3,27.3,80,0
Jordan Mickey,Center-Forward,80,235,2,33,14,8.8,1.2,51.8,7.1,66.9,1.31,0.81,0.06,36.4,0,50,0
Jordan Miller,Guard,77,194,2,48,11,3,1.6,38,33.5,78,1.62,0.62,0,55.6,50,100,0
Jordan Nwora,Forward,80,225,2,45,13.9,6,1,44.5,39.4,78.5,5.7,2,0.23,45.9,45.2,76,0
Jordan Poole,Guard,76,194,1,28,9.4,2.2,1.4,43.4,37,83.1,8.82,2.07,2.35,33.3,27.9,79.8,0
Jordan Schakel,Guard,78,200,Undrafted,Undrafted,8.5,3.3,0.8,44.3,42.7,87,1.25,2,0,9.1,16.7,100,0
Jordan Sibert,Guard,76,187,,,9.5,2.1,1.3,43,36.4,73.8,3,0,0,100,100,0,0
Jordan Walsh,Guard,78,205,2,38,7.1,3.9,0.9,43.3,27.8,71.2,1.67,2.22,0.56,40,22.2,50,0
Jorge Gutierrez,Guard,75,189,Undrafted,Undrafted,9.6,3.8,3.3,43,34,73.7,4.13,1.47,2,46.3,25,75,0
Jose Alvarado,Guard,72,179,Undrafted,Undrafted,13.5,3.6,3.6,44.4,34.1,79,6.11,1.85,2.81,44.6,29.1,67.9,0
Jose Ortiz,Forward,82,225,1,15,19.8,8.7,1.5,55.7,50,70.3,2.76,1.14,0.22,44,0,59.6,0
Joseph Forte,Guard,76,194,1,21,18.7,5.8,3,45.4,36.8,81,0.75,0.75,0.75,8.3,0,100,0
Josh Akognon,Guard,71,185,Undrafted,Undrafted,15.2,2.6,1.3,40.8,37.2,87.1,1.67,0.33,0.33,50,50,0,0
Josh Childress,Forward-Guard,80,210,1,6,12.3,6.8,1.8,43.8,33.5,75.5,10.09,6.02,1.89,47,23.2,82.3,0
Josh Christopher,Guard,76,215,1,24,14.3,4.7,1.4,43.2,30.5,80,7.93,2.51,2.03,44.8,29.6,73.5,0
Josh Davis,Forward,80,235,Undrafted,Undrafted,12.1,8,1.4,49.7,27.8,64.2,1.25,1.25,0,40,0,100,0
Josh Grant,Forward,81,223,2,43,15.3,8.1,3,49.4,37.8,82.7,2.96,1.68,0.45,40.4,27.9,75.9,0
Josh Gray,Guard,72,180,Undrafted,Undrafted,7.3,2.2,2.9,39.2,21.6,65.1,6.4,2,2.4,26.8,23.1,63.6,0
Josh Harrellson,Forward-Center,82,275,2,45,4.7,4.7,0.4,54.9,31,64.9,4.38,3.89,0.3,42.3,33.9,61.5,0
Josh Hart,Guard,76,215,1,30,13.2,5.6,1.8,51.1,38.9,72,7.87,4.17,1.27,46.9,39.6,70.2,0
Josh Howard,Forward-Guard,79,210,1,29,13.9,6.6,1.9,48.3,35.3,70.8,8.58,5.49,1.45,43,30.3,70.3,0
Josh Huestis,Guard,79,230,1,29,7.5,6.2,0.8,45.1,31.9,61,2.8,2,0,41.7,66.7,0,0
Josh Jackson,Guard-Forward,80,207,1,4,8.7,4.6,0.6,51.7,0,61.5,13.14,4.56,1.55,41.7,26.3,63.4,0
Josh McRoberts,Forward-Center,82,240,2,37,10.8,6.5,2.4,54,27.8,66.4,1.5,1.25,0.25,60,0,0,0
Josh Minott,Forward,80,205,2,45,6.6,3.8,0.9,52.2,14.3,75.4,3.07,1.67,0.33,50,33.3,100,0
Josh Okogie,Guard,76,213,1,20,16.9,5.8,2,43.7,38.2,77.7,7.7,2.95,1.23,38.6,27.9,72.8,0
Josh Powell,Forward,81,240,Undrafted,Undrafted,9.7,4.5,1,55.3,28.9,72.9,2.97,2.19,0.24,45.7,0,80,0
Josh Reaves,Guard-Forward,76,214,Undrafted,Undrafted,8.9,4.5,2.6,43.8,32.4,70.2,2,0.75,0.75,33.3,0,100,0
Josh Richardson,Guard,77,200,2,40,6.1,2.8,0.5,44.5,0,56,6.56,2.06,1.4,45.2,46.1,66.7,0
Josh Selby,Guard,74,183,2,49,7.9,2.2,2.2,37.3,36.2,75.7,2.25,0.54,1.07,34.7,13.3,78.6,0
Joshua Primo,Guard,76,189,1,12,8.1,3.4,0.8,43.1,38.1,75,5.76,2.26,1.62,37.4,30.7,74.6,0
Jrue Holiday,Guard,76,205,1,17,8.5,3.8,3.7,45,30.7,72.6,8.04,2.62,3.84,44.2,39,75.6,0
Juan Dixon,Guard,75,165,1,17,16.1,4.2,2.6,46.8,38.9,85,6.43,1.71,0.95,38.4,29.8,80.4,0
Juaquin Hawkins,Forward,79,205,Undrafted,Undrafted,6.9,3.8,2,47.2,19.1,51.9,2.31,1.34,0.81,38.5,41.7,50,0
Jud Buechler,Guard-Forward,78,228,2,38,8.7,4.9,2,54.7,38.1,74.3,3.14,1.91,0.69,41.6,25,65.2,0
Julian Champagnie,Forward,79,217,Undrafted,Undrafted,16,6.8,1.4,42.9,34.8,81.5,0,0,0,0,0,0,0
Julian Phillips,Forward,80,198,2,35,8.3,4.7,1.4,41.1,23.9,82.2,2.22,0.9,0.32,41.6,31.6,68.4,0
Julian Strawther,Guard,78,205,1,29,10.9,4.6,0.9,48.4,38.4,74.5,4.54,1.22,0.94,36.9,29.7,71,0
Julian Washburn,Forward-Guard,80,209,,,11.7,3.8,2.1,43.5,34.1,69.9,2.22,2.28,0.78,33.3,20.8,75,0
Julian Wright,Forward,80,225,1,13,10.4,6.3,2,55.5,18.8,59.1,3.91,2.05,0.7,53.3,41.7,63.5,0
Julius Hodge,Guard,79,220,1,20,15.8,6,3.5,47.3,32.9,76,0.93,0.5,0.43,38.5,0,37.5,0
Julius Nwosu,Forward,82,255,Undrafted,Undrafted,14.3,7.4,0.5,56.2,0,60.5,1.35,1.04,0.13,32.1,0,76.5,0
Julius Randle,Forward-Center,80,250,1,7,15,10.4,1.4,50.1,16.7,70.6,2,0,0,33.3,0,0,0
Julyan Stone,Guard,78,200,Undrafted,Undrafted,5.8,5.5,5.2,42.5,26.5,61.7,1.64,1.14,1.68,41.9,18.2,72.7,0
Jumaine Jones,Forward,80,230,1,27,16.6,9,1,44.9,35.1,75.1,1.73,1.15,0.15,37.9,50,61.1,0
Junior Burrough,Forward,80,242,2,33,15.3,7.2,0.9,44.9,28.3,67.3,3.1,1.79,0.25,37.6,0,65.6,0
Justin Anderson,Forward-Guard,77,231,1,21,8.9,3.5,1.8,43,35.7,75.2,3.78,2.4,0.53,40.6,26.5,80,0
Justin Champagnie,Guard-Forward,78,206,Undrafted,Undrafted,14.7,8.5,1,44.6,28,74.5,2.25,2,0.31,46.3,35.7,100,0
Justin Dentmon,Guard,71,185,Undrafted,Undrafted,10.7,3.2,3,42.8,34.9,78.9,2,0.5,0.5,33.3,0,0,0
Justin Hamilton,Center,84,255,2,45,6.9,2.6,2.7,48.9,33.1,73.9,0,0,0,0,0,0,0
Justin Harper,Forward,82,225,2,32,10.6,4.8,0.7,48.3,38.2,71.1,1.43,0.86,0.14,29,15.4,0,0
Justin Holiday,Forward-Guard,78,180,Undrafted,Undrafted,5.3,3.6,1.5,44.3,34.3,73.6,4.67,1.56,1.67,33.3,25,75,0
Justin James,Guard-Forward,79,190,2,40,4.8,2.9,0.6,40.2,33.6,67.6,2.47,0.89,0.5,41.7,31,47.6,0
Justin Minaya,Forward,77,205,Undrafted,Undrafted,7.3,5.4,1.7,40.2,29.6,63.9,4.25,3.75,1,30.4,25,0,0
Justin Patton,Center,83,241,1,16,12.9,6.2,1.2,67.6,53.3,51.7,2,0,0,50,0,0,0
Justin Reed,Forward,80,240,2,40,14.6,6.3,1.1,47.6,28.5,70.7,1.78,0.7,0.43,51.7,0,73.3,0
Justin Robinson,Guard,73,195,,,11.4,2.9,3,41.6,43.1,85.7,1.44,0.56,0.78,41.7,60,0,0
Justin Williams,Forward-Center,82,260,Undrafted,Undrafted,10.1,8.7,0.6,53.8,0,57.4,5.04,4.42,0.08,61.4,0,36.5,0
Justin Wright-Foreman,Guard,72,190,2,53,18.6,2.9,2.1,48.3,38.6,81.1,4.75,1.25,1.75,35,20,75,0
Justise Winslow,Forward-Guard,78,222,1,10,12.6,6.5,2.1,48.6,41.8,64.1,6.44,5.17,1.51,42.2,27.6,68.4,0
Juwan Howard,Forward,81,250,1,5,15.3,7.5,2,51,9.1,68.8,16.98,8.38,2.54,48.9,0,66.4,1
Juwan Morgan,Forward,79,232,Undrafted,Undrafted,10.7,5.9,1.2,56.2,29.7,67.1,1.71,1.38,0.29,57.7,37.5,75,0
KJ McDaniels,Guard-Forward,78,205,2,32,11,4.8,0.9,45,31.3,76.7,9.15,3.75,1.35,39.9,29.3,75.6,0
Kadeem Allen,Guard,73,200,2,53,9.1,3.6,3.3,45.9,40,72.5,1.06,0.61,0.67,27.3,0,77.8,0
Kai Jones,Center-Forward,83,221,1,19,6.2,4,0.5,55.3,34.5,67.7,1.05,0.52,0.19,64.3,50,37.5,0
Kaiser Gates,Forward,79,225,,,5.5,3.8,0.6,40.6,35.7,71.2,0,1,0,0,0,0,0
Kalin Lucas,Guard,73,195,Undrafted,Undrafted,14.2,1.9,4,42.5,37.7,79.6,0,0,0,0,0,0,0
Kaniel Dickens,Forward,80,215,2,50,9.3,5.7,0.6,48.3,35.1,63,2.33,0.67,0,100,0,50,0
Kannard Johnson,Forward,81,220,2,41,13.8,6.7,1,53.6,0,74.7,0.5,0,0,33.3,0,0,0
Kareem Rush,Guard,78,215,1,20,18.9,5.4,2.1,44.5,42.2,77.7,2.99,1.24,0.89,39.3,27.9,69.6,0
Karl-Anthony Towns,Center-Forward,84,248,1,1,10.3,6.7,1.1,56.6,25,81.3,18.33,10.46,1.96,54.2,34.1,81.1,0
Kasib Powell,Forward,79,215,Undrafted,Undrafted,15.1,6.1,4.1,49.2,21.7,62.9,7.64,4,1.64,36.8,24.2,66.7,0
Kawhi Leonard,Forward,79,225,1,15,14.1,10.2,2.2,44.9,25,74.4,7.92,5.11,1.09,49.3,37.6,77.3,0
Kebu Stewart,Forward,80,239,2,35,18,10.8,0.8,49,20,63.8,2.67,2.07,0.13,46.2,0,64,0
Keegan Murray,Forward,80,225,1,4,15.8,7,1,54.3,37.3,74.9,12.2,4.64,1.23,45.3,41.1,76.5,0
Keifer Sykes,Guard,71,167,Undrafted,Undrafted,16.5,3.7,4.1,45.4,32.7,78.2,5.62,1.41,1.94,36.3,30,88.2,0
Keita Bates-Diop,Forward,80,229,2,48,11.7,5.7,1.1,47.2,35.2,77.6,5.03,2.77,0.57,42.3,25,64.3,0
Keith Appling,Guard,73,185,Undrafted,Undrafted,10.6,3,3.3,43.1,33.4,74.8,1.2,0.2,0.2,25,0,100,0
Keith Askins,Forward-Guard,80,215,Undrafted,Undrafted,6.7,4.3,0.7,45.3,40,65.8,2.21,1.74,0.49,42,24,48,0
Keith Benson,Forward-Center,83,230,2,48,14.1,8.2,0.7,55.8,37.9,67.9,0,1,0,0,0,0,0
Keith Bogans,Guard-Forward,77,215,2,43,14.2,4.1,2.3,43.7,34.2,68.8,6.82,4.34,1.34,40.3,35.8,63.1,0
Keith Booth,Forward,78,226,1,28,14.1,7.3,2.3,45.6,21,69.9,1.67,0.67,0.17,33.3,0,100,0
Keith Closs,Center,87,212,Undrafted,Undrafted,11.9,8.4,1.1,53.3,23.3,60.1,4,2.9,0.33,44.9,0,59.7,0
Keith Jennings,Guard,67,160,Undrafted,Undrafted,15.7,3.9,7.7,54.9,49.3,86.1,8.62,1.38,2.88,59.5,55.6,77.8,0
Keith Langford,Guard,76,215,Undrafted,Undrafted,13.3,4.3,2.4,49.5,32.8,64.9,1,1,0,25,0,0,0
Keith McLeod,Guard,74,190,Undrafted,Undrafted,17.1,3.2,2.8,42.6,39.9,79.1,2.67,1.03,1.79,32.9,10,76.7,0
Keith Owens,Forward,79,225,Undrafted,Undrafted,3.2,3,0.6,55.6,0,72.1,1.3,0.75,0.15,28.1,0,80,0
Keith Smart,Guard,73,175,2,41,12.1,3,3.1,51.8,34.4,85.6,1,0.5,1,0,0,100,0
Keith Tower,Center,83,250,Undrafted,Undrafted,4.4,4.6,0.9,43.4,0,57.3,0.73,0.55,0.09,44.4,0,0,0
Keith Van Horn,Forward,82,245,1,2,20.8,8.8,1.2,52.2,40.1,85.1,19.66,6.58,1.71,42.6,30.8,84.6,1
Kelan Martin,Forward,77,230,Undrafted,Undrafted,15.1,5.2,1.2,43.7,34.8,78.6,6.35,3.1,0.74,39.2,26,96.8,0
Keldon Johnson,Forward-Guard,77,220,1,29,13.5,5.9,1.6,46.1,38.1,70.3,9.06,3.35,0.88,59.6,59.1,79.5,0
Kelenna Azubuike,Guard,77,215,Undrafted,Undrafted,10,3.7,1,48.5,37.3,75.2,7.1,2.29,0.68,44.5,43,78.2,0
Keljin Blevins,Guard,76,200,,,7.6,4.4,1,39.9,23.4,64.5,0.71,0.59,0.24,25,25,0,0
Kelly McCarty,Guard-Forward,79,200,Undrafted,Undrafted,11.9,7.3,1.3,42.1,29.7,69.1,2,1.5,0,66.7,0,0,0
Kelly Olynyk,Forward-Center,83,240,1,13,8.9,4.6,1.1,59.4,33.3,70.9,8.67,5.21,1.56,46.6,35.1,81.1,0
Kelvin Cato,Center,83,275,1,15,9.1,7.4,0.6,43.4,0,58.4,3.81,3.41,0.31,42.8,0,68.8,0
Kemba Walker,Guard,72,184,1,9,16.1,4.4,4.1,42.8,32.6,78.3,12.11,3.55,4.38,36.6,30.5,78.9,0
Ken Norman,Forward,80,215,1,19,15.1,6.9,1.4,60.9,25,73.6,8.62,3.98,1.18,48.2,0,51.2,0
Kendall Brown,Guard,79,205,2,48,9.7,4.9,1.9,58.4,34.1,68.9,1.5,1,0.5,57.1,0,50,0
Kendall Gill,Guard,77,216,1,5,12,2.8,3,50.1,37.4,75.5,11.05,3.21,3.7,45,14.3,83.5,0
Kendall Marshall,Guard,76,200,1,13,7.2,2.3,8,44.6,36.6,69.3,2.98,0.88,2.98,37.1,31.5,57.1,0
Kendrick Nunn,Guard,75,190,Undrafted,Undrafted,14.2,3.6,2.1,42.8,38.6,82.1,15.28,2.69,3.28,43.9,35,85,0
Kennard Winchester,Forward,77,210,Undrafted,Undrafted,11.8,4.8,1.3,48,27.8,72.1,3.73,1.05,0.39,40,40,77.8,0
Kennedy Chandler,Guard,71,170,2,38,13.9,3.2,4.7,46.4,38.3,60.6,2.17,1.06,1.61,42.2,13.3,46.2,0
Kenneth Faried,Forward-Center,80,220,1,22,14.8,12.3,0.9,56.9,25,58.3,10.24,7.65,0.78,58.6,0,66.5,0
Kenny Anderson,Guard,73,168,1,2,23,5.6,7,47.3,37.4,78.7,7.03,1.98,3.17,39,23.1,74.5,0
Kenny Battle,Guard,78,210,1,27,17.8,5.7,1.9,56.9,50,68.6,4.1,2.1,0.64,54.7,25,67.1,0
Kenny Payne,Forward,80,195,1,19,8.5,3.7,1.1,46.9,40.1,78.2,3.26,0.74,0.29,43.5,40,88.9,0
Kenny Satterfield,Guard,74,170,2,53,11.9,4.1,5.2,40.3,32.3,78,5.25,1.44,3,36.7,25.9,78.3,0
Kenny Smith,Guard,75,170,1,6,12.9,2.2,6,51.2,40.8,82.3,13.79,2.26,7.11,47.7,30.8,81.9,0
Kenny Thomas,Center-Forward,79,245,1,22,15.7,8.4,2.1,53.7,35.3,74,8.25,6.07,1.57,39.9,26.2,66,0
Kenny Williams,Forward,81,205,2,46,0.9,0.3,0.4,33.3,25,60,2.93,1.75,0.41,52,0,68,0
Kenrich Williams,Guard-Forward,78,210,Undrafted,Undrafted,11,8.6,2.7,48.4,37.5,62.5,6.07,4.76,1.8,38.4,33.3,68.4,0
Kent Bazemore,Guard-Forward,76,195,Undrafted,Undrafted,10.1,4.6,2.7,44.7,33.4,58.1,2.02,0.36,0.36,37.1,29.4,61.4,0
Kentavious Caldwell-Pope,Guard,77,204,1,8,15.8,6.1,1.5,41.5,33.9,75.2,5.88,1.95,0.69,39.6,31.9,77,0
Kenyon Martin,Forward,81,225,1,1,11,7.5,1.2,58.6,22.2,58.1,11.97,7.38,1.93,44.5,9.1,63,0
Keon Clark,Center-Forward,83,221,1,13,14.8,9.6,1.3,55.4,37,63.8,3.32,3.43,0.36,45,0,56.8,0
Keon Ellis,Guard,75,175,Undrafted,Undrafted,8.8,5.1,1.4,45.8,37.1,83.1,1.5,0.5,0.38,43.8,50,57.1,0
Keon Johnson,Guard,77,185,1,21,16.2,3.1,2.1,42.9,39.9,84.8,3.53,1.4,0.87,33.3,27.3,76.2,0
Kerry Kittles,Guard,77,185,1,8,18.4,5.9,3.3,47.8,39.4,71.9,16.43,3.89,3.04,42.6,37.7,77.1,0
Kessler Edwards,Forward,79,203,2,44,13.3,6.5,1.2,46.9,39.5,78.9,5.92,3.58,0.65,41.2,35.3,84.2,0
Kevin Brooks,Forward,78,200,1,18,19.8,6.2,1.7,52.2,40.9,77.4,2.84,1.05,0.3,44.3,18.2,81,0
Kevin Burleson,Guard,75,205,Undrafted,Undrafted,7,2.4,3.6,37.1,33.1,75.1,1.79,0.67,1.23,25,18.5,94.1,0
Kevin Durant,Forward,83,240,1,2,25.8,11.1,1.3,47.3,40.4,81.6,20.3,4.35,2.4,43,28.8,87.3,1
Kevin Edwards,Guard,75,210,1,20,16.3,5.1,3.5,53.4,44.6,79.3,13.85,3.32,4.42,42.5,27,74.6,0
Kevin Gamble,Forward,77,210,3,63,7.6,3.2,1.3,52.9,32.9,69.7,0,0.33,0.11,0,0,0,0
Kevin Henderson,Guard,76,195,3,50,13.1,2,3,51,51.9,75.6,1.6,0.6,2.2,37.5,0,100,0
Kevin Hervey,Forward,81,230,2,57,15.5,8,1.9,44,32.4,76.8,1.7,1.2,0.5,25.9,15,0,0
Kevin Huerter,Guard-Forward,79,198,1,19,12,5,3,46.6,39.4,74.8,9.69,3.27,2.85,41.9,38.5,73.2,0
Kevin Johnson,Guard,73,190,1,7,14,3.6,4.4,47.7,38.7,75.7,7.31,1.38,3.71,46,22.2,82.1,0
Kevin Jones,Forward,80,260,Undrafted,Undrafted,0,0,0.1,0,0,0,2.97,2.44,0.31,40.2,0,60,0
Kevin Love,Forward-Center,80,251,1,5,17.5,10.6,1.9,55.9,35.4,76.7,11.1,9.06,1.04,45.9,10.5,78.9,0
Kevin Lynch,Forward,77,195,2,28,11.4,3.1,2.5,46.9,39.3,78.4,4.07,1.55,1.51,41.7,37.5,76.1,0
Kevin Martin,Guard,79,199,1,26,23.3,4.5,1.7,46.2,34.6,84.1,2.91,1.29,0.49,38.5,20,65.5,0
Kevin Murphy,Guard,78,185,2,47,15.8,4.2,1.9,44.3,37.2,73.4,0.88,0.24,0.12,25,20,0,0
Kevin Ollie,Guard,74,195,Undrafted,Undrafted,6.7,2,5,45.3,26.2,75.6,2.88,1.31,2,33.3,0,72,0
Kevin Pangos,Guard,73,179,Undrafted,Undrafted,12.8,2.8,3.8,43.3,41.5,84.3,1.62,0.46,1.25,32.6,23.1,75,0
Kevin Pritchard,Guard,75,180,2,34,12.2,2.4,3.6,49.5,40.6,77.4,3.92,1.05,1.31,38.4,16.1,80.5,0
Kevin Thompson,Center,83,260,2,48,10.6,6.9,1.4,58.8,14.3,56.3,0.93,0.93,0.21,42.9,0,50,0
Kevin Willis,Center-Forward,84,245,1,11,10.1,7.1,0.2,53,0,57.9,9.33,6.37,0.44,46.7,22.2,65.7,0
Kevinn Pinkney,Forward,82,245,Undrafted,Undrafted,8.3,5.7,0.8,51.5,18.5,70.8,5.17,2.5,0.83,44.4,50,66.7,0
Kevon Harris,Guard,77,216,Undrafted,Undrafted,14.4,5.3,1.6,48.3,39.7,72.7,4.15,2.06,0.47,43.9,37.2,75.6,0
Kevon Looney,Forward,81,222,1,30,11.6,9.2,1.4,47,41.5,62.6,1.8,2,0,57.1,50,0,0
Keyon Dooling,Guard,75,195,1,10,12.1,2.4,3.4,41.1,33.8,73.3,5.91,1.17,2.33,40.9,35,69.8,0
Keyontae Johnson,Forward,76,230,2,50,13.1,6.6,1.6,51.9,38.9,71.8,1.22,1.11,0.44,31.3,33.3,0,0
Keyonte George,Guard,76,185,1,16,15.3,4.2,2.8,37.6,33.8,79.3,12.99,2.81,4.43,39.1,33.4,84.8,0
Khalid El-Amin,Guard,70,200,2,34,15.3,3,4.4,41.6,35.5,82.2,6.28,1.62,2.9,37,33.3,77.8,0
Khalid Reeves,Guard,75,199,1,12,15,3.3,3.1,47.9,38,76.3,9.24,2.78,4.3,44.3,39.2,71.4,0
Khris Middleton,Forward,79,222,2,39,11.3,4.6,2,43.1,32.1,76.8,6.11,1.85,1.04,44,31.1,84.4,0
Khyri Thomas,Guard,75,210,2,38,11.2,4.6,2.5,51.1,40.6,71.9,2.35,0.77,0.31,31.9,28.6,63.6,0
Killian Tillie,Forward-Center,81,220,Undrafted,Undrafted,9.5,4.6,1.4,54.8,44.4,75,3.17,1.33,0.44,33.3,30.3,81.8,0
Kim English,Guard,78,200,2,44,11.1,3,1.4,42,39.4,72.7,2.9,0.9,0.63,37.5,28,72.4,0
Kirk Haston,Forward,81,242,1,16,14.6,7.8,1.2,47.3,36.6,71.7,1.73,1.33,0.33,28.2,0,50,0
Kirk Hinrich,Guard,76,190,1,7,12.4,3.8,4.7,49.3,43,77.6,12.04,3.41,6.8,38.6,39,80.4,0
Kirk Penney,Guard,77,220,Undrafted,Undrafted,11.4,3.8,1.7,43.4,38.7,75,1.5,0.5,0.5,16.7,33.3,0,0
Kirk Snyder,Forward-Guard,78,225,1,16,16.7,6.4,2.7,42.6,31,67.7,4.97,1.78,0.53,37.2,35.3,66.7,0
Kiwane Garris,Guard,74,183,Undrafted,Undrafted,16.8,3.3,4.3,41.1,36.3,83,2.43,0.68,1,33.8,35.7,76,0
Klay Thompson,Guard,78,220,1,11,17.9,4.8,2.6,42.4,39,82.7,12.52,2.44,2.02,44.3,41.4,86.8,0
Kobe Brown,Forward,79,250,1,30,10.8,6,1.7,49.2,31.3,74.7,2.02,1.41,0.57,41.1,29.2,50,0
Kobe Bufkin,Guard,77,195,1,15,9,3,1.7,46.3,32.5,83.3,4.76,1.94,1.59,37,22.5,50,0
Kobi Simmons,Guard,77,180,Undrafted,Undrafted,8.7,1.6,2,39.5,32.7,77.5,6.12,1.56,2.12,42.3,28.2,100,0
Kosta Koufos,Center,84,245,1,23,14.4,6.7,0.5,50.8,34.9,68,4.67,2.88,0.42,50.8,0,70.6,0
Kostas Antetokounmpo,Forward,82,200,2,60,5.2,2.9,0.4,57.4,13.3,51.6,1,0.5,0,0,0,50,0
Kris Dunn,Guard,75,205,1,5,12.8,5.1,5.8,45,35.4,69.3,3.76,2.13,2.41,37.7,28.8,61,0
Kris Humphries,Forward,81,235,1,14,21.7,10.1,0.7,44.4,34,74.2,4.15,2.94,0.64,40.4,33.3,43.6,0
Kris Joseph,Forward,79,210,2,51,10.5,4.5,1.5,44.9,33.1,70.2,1.17,0.83,0.17,18.2,0,75,0
Kris Murray,Forward,80,210,1,23,12.1,5,1.2,47.3,34.8,69.9,6.06,3.61,1.29,39.6,26.8,66.1,0
Kurk Lee,Guard,75,190,Undrafted,Undrafted,14.1,3.2,2,44.6,35.3,83.1,1.38,0.62,0.71,26.8,20,89.3,0
Kurt Thomas,Forward,81,240,1,10,17.4,9,1.2,52.4,25,68.2,9,5.93,0.62,50.1,0,66.3,0
Kwame Brown,Center,83,290,1,1,2.4,2.4,0.2,58.3,0,26.7,4.53,3.47,0.75,38.7,0,70.7,0
Ky Bowman,Guard,73,187,Undrafted,Undrafted,16.9,6.4,3.9,43.3,38.8,76.2,7.44,2.69,2.91,41.7,30.8,82.9,0
Kyle Alexander,Forward-Center,82,216,Undrafted,Undrafted,4.6,4.9,0.3,58.7,35.7,63.8,1,1.5,0,50,0,0,0
Kyle Collinsworth,Guard,78,210,,,12.2,7.5,5,47.7,28,64.2,3.16,3.34,1.75,38.4,23.5,52.5,0
Kyle Guy,Guard,73,167,2,55,12.5,3,1.6,43.3,42.5,80.6,1.33,0.33,0.33,40,0,0,0
Kyle Korver,Guard-Forward,79,212,2,51,14.1,5.2,2.3,47.2,45.3,89.1,4.46,1.5,0.54,35.2,39.1,79.2,0
Kyle Kuzma,Forward,81,221,1,27,10.1,5.5,1.5,50.6,30.2,63.3,16.13,6.27,1.83,45,36.6,70.7,1
Kyle Lowry,Guard,72,196,1,24,9.5,3.8,3,44.9,32.5,73.7,5.6,3.1,3.2,36.8,37.5,89.3,0
Kyle Singler,Forward,80,228,2,33,16.2,6.9,2,43.3,36.3,77.3,8.78,4.02,0.94,42.8,35,80.6,0
Kyle Weaver,Guard,78,201,2,38,9.6,4.7,3.8,46.4,27.7,71.6,5.34,2.32,1.8,45.9,34.4,70.7,0
Kyle Wiltjer,Forward,82,240,Undrafted,Undrafted,13,4.6,1.3,48.7,42.5,82.4,0.93,0.71,0.14,28.6,30.8,50,0
Kyrie Irving,Guard,74,195,1,1,17.5,3.4,4.3,52.9,46.2,90.1,18.51,3.75,5.39,46.9,39.9,87.2,1
Wayne Ellington,Guard,76,207,1,28,14.7,4.1,2.2,46.3,39.7,80.9,6.64,2.09,0.97,42.4,39.5,87.1,0
Wayne Englestad,Forward,80,245,Undrafted,Undrafted,13,5.9,1.2,50.1,40.7,70.2,2.55,1.45,0.64,37.9,0,60,0
Wayne Selden,Guard,76,232,,,11,3,2.6,43.6,36.6,63.2,5.33,1.67,0.33,62.5,57.1,50,0
Wayne Simien,Forward,81,250,1,29,15,8.3,0.9,55.8,24,78.4,3.4,2.05,0.16,48.3,0,88.2,0
Wayne Turner,Guard,74,190,Undrafted,Undrafted,7.7,2.5,3.3,48.8,31.9,62.9,1.33,1,1.67,16.7,0,33.3,0
Wenyen Gabriel,Forward,81,205,Undrafted,Undrafted,5.7,5.1,0.6,42.6,36.7,62.2,1.73,0.91,0.27,35.3,12.5,60,0
Wesley Matthews,Guard,77,220,Undrafted,Undrafted,13.2,4.9,2.1,44.4,34.1,79.9,9.38,2.33,1.51,48.3,38.2,82.9,0
Wesley Person,Guard-Forward,78,200,1,23,19.1,6.5,2.6,50.4,44.1,74.7,10.44,2.58,1.35,48.4,43.6,79.2,0
Will Barton,Guard,77,181,2,40,15.2,6.5,2.9,47.1,29.9,73.3,4.04,1.99,0.79,38.2,13.8,76.9,0
Will Blalock,Guard,72,205,2,60,11.6,3.1,5,42.1,36.5,71.9,1.79,1.07,1.21,30,20,100,0
Will Bynum,Guard,72,185,Undrafted,Undrafted,9.4,2.1,2.1,38.5,31,73.9,3.6,0.8,1.27,40.4,22.2,62.5,0
Will Conroy,Guard,74,195,Undrafted,Undrafted,9.2,2.8,4.3,44.5,33.1,73,0,0.67,0.33,0,0,0,0